Method,Coverage,Avg Set Size,Ambiguity Rate
MCD,0.8994673768308922,1.0865512649800266,0.0865512649800266
Deep Ensemble,0.8994673768308922,1.0579227696404794,0.0579227696404793
