epoch,train_loss,val_auc
1,195.44637176394463,0.8823072955213169
2,165.18118458986282,0.9002758527888044
3,148.17661944031715,0.9136917176882191
4,134.51682391762733,0.9168315055282693
5,124.22302006185055,0.9221736302675547
6,114.48078137636185,0.915252640785844
7,106.65590439736843,0.9216398663347461
