epoch,train_loss,val_auc
1,195.82279750704765,0.8787369082060598
2,164.67533844709396,0.9249052456883985
3,148.05013757944107,0.928193052098051
4,133.6565796583891,0.9223037071923568
5,124.45397426187992,0.92561842606921
6,110.90867225825787,0.9293345892484693
7,103.91911087930202,0.8914620197806634
