epoch,train_loss,val_auc
1,196.40822234749794,0.9082374576689318
2,163.39028805494308,0.900437327592007
3,147.03557834029198,0.9171993092466751
4,140.29427561163902,0.9089461526385431
5,121.8563824146986,0.9126017627666017
6,111.3435967490077,0.9055506963600888
7,130.91997462511063,0.9024692188656395
