,Accuracy,AUC,Precision,Sensitivity,Specificity,F1
ensemble,0.8442583151250304,0.7731728968278676,0.5242825607064018,0.3579502637528259,0.9376356533049666,0.4254366323331841
