,Accuracy,AUC,Precision,Sensitivity,Specificity,F1
MCD,0.888814913448735,0.5096144789073538,0.0,0.0,0.9999999999925094,0.0
Deep Ensemble,0.8622238407380433,0.8378808528762236,0.6095890410958904,0.4024114544084401,0.950513673851902,0.48479346345891966
