,Accuracy,AUC,Precision,Sensitivity,Specificity,F1
mcd,0.888814913448735,0.5311623943124986,0.0,0.0,0.9999999999925094,0.0
ensemble,0.8708388814913449,0.9414743546614637,0.45794392523364486,0.8802395209580839,0.8696629213418003,0.6024590163934426
