epoch,train_loss,val_loss,val_auc,val_accuracy
1,192.01917949318886,32.7094,0.904245441700868,0.8202396804260985
2,139.6455863714218,30.5777,0.9191818609971069,0.8215712383488681
3,105.18343438208103,53.2874,0.8931350781582902,0.8761651131824234
4,98.90204744786024,46.4531,0.8757899930476125,0.8475366178428761
5,55.57715478911996,60.4974,0.9083899616497342,0.9021304926764314
6,52.50451015308499,48.6118,0.9263091793940209,0.9114513981358189
7,21.542403067462146,54.6972,0.9366435667989863,0.9201065246338216