Method,Mean Uncertainty,Std Uncertainty
ensemble,0.015474837114479854,0.028098464360027768
