,Correct Uncertainty,Incorrect Uncertainty
MCD,0.0003946805749924807,0.00040450699743244437
Deep Ensemble,0.014785317640094869,0.04159208448121567
