Method,Mean Uncertainty,Std Uncertainty
mcd,0.0002692916053762516,0.00010981709931658148
ensemble,0.014099001051020467,0.025800358405152435
